item_id,score,title
100,0.7635218345188497,Fargo (1996)
127,0.7350972887024618,"Godfather, The (1972)"
56,0.7272008067987707,Pulp Fiction (1994)
22,0.6859969934816761,Braveheart (1995)
483,0.6709053608845977,Casablanca (1942)
191,0.6588613948568498,Amadeus (1984)
89,0.6560866945069851,Blade Runner (1982)
7,0.6348190200475158,Twelve Monkeys (1995)
258,0.6302720555565657,Contact (1997)
117,0.6214221460314218,"Rock, The (1996)"
